Модель,Accuracy,ROC-AUC,F1
DummyClassifier (бейзлайн),0.6766666666666666,0.6766666666666666,0.0
LogisticRegression,0.8275,0.8746778350515464,0.7080394922425952
DecisionTreeClassifier,0.8545833333333334,0.8945588244629527,0.7571329157967989
RandomForestClassifier,0.9083333333333333,0.9590493436087553,0.8457223001402524
AdaBoostClassifier,0.83625,0.899413516962064,0.7234342012667135
GradientBoostingClassifier,0.9225,0.9675422781981617,0.8748317631224765
